is_weekend,total_viajes,media_viajes,mediana_viajes,sd_viajes
FALSE,175134394,20.174862933487162,13,22.106294407379536
TRUE,26252294,9.513017381391192,6,11.3042229300823
